"Hash","Path"
"F170BFCC1002675CE1F4FE409212CD3B1C0A16DB10464D47B23F010C1322799E","C:\Users\Sharafath\Downloads\lumin paint pro\public\images\1.jpeg"
"8DEFD69B8B4DE6A45C3827AAAB692752A600C9170B46A5FCC39A98B42DE98EB1","C:\Users\Sharafath\Downloads\lumin paint pro\public\images\2.jpeg"
"9F176FF3115EFCDE6AD8B7A1BC42111944603A6F4497FF6B3725624B3D09FF53","C:\Users\Sharafath\Downloads\lumin paint pro\public\images\3.jpeg"
"C656DFAF7FFBDB28946FE71E7176A816590405FE535961B8EFDC41FE96B38F4E","C:\Users\Sharafath\Downloads\lumin paint pro\public\images\4.jpeg"
"47BE3D479E7C617107C5B532EDDE018212F256A31300134745C45F5120AD7C52","C:\Users\Sharafath\Downloads\lumin paint pro\public\images\5.jpeg"
"A723299B05DC8293BE380D06AFCE956804FC100C52CF06310467416D1D6B6C26","C:\Users\Sharafath\Downloads\lumin paint pro\public\images\6.jpeg"
"DF896238D327182BF313DC5A46A6C6BBE6DA84ABD8C1759970D9823CB7D153D4","C:\Users\Sharafath\Downloads\lumin paint pro\public\images\after 1.jpeg"
"E15C245465021EC83E261B68407671CA2C1F7A0FE4BFFC479F43A6A1171FB8F7","C:\Users\Sharafath\Downloads\lumin paint pro\public\images\after 2.jpeg"
"4D4B0C526C61BA52A08E956E8A6A513C0A763BDAE0EF7C36D039B6127954AF9F","C:\Users\Sharafath\Downloads\lumin paint pro\public\images\after 4.jpeg"
"000FCC44D8A151A8C72F3D245E1F52AFED8E5C66AF0BA77C01121251D5368609","C:\Users\Sharafath\Downloads\lumin paint pro\public\images\after.jpeg"
"B43DF825A0B3351AF44A0E6E1615ABC65E01CA10B719DA17D551FFAD0A0521DD","C:\Users\Sharafath\Downloads\lumin paint pro\public\images\before 1.jpeg"
"A8E1CB79861FEC8CE92303B32EB346C2576D2C5BC4AC458A699B247BF82BCD4F","C:\Users\Sharafath\Downloads\lumin paint pro\public\images\before 2.jpeg"
"231B67C6745EBAD3ED2012E2F348085C8861A02923A51CC5EE9CFCE9CA638596","C:\Users\Sharafath\Downloads\lumin paint pro\public\images\before 3.jpeg"
"E3C79EB8771FF4666691824B91B09227DBFCE6E484F23EC3A569A2F4935C1555","C:\Users\Sharafath\Downloads\lumin paint pro\public\images\before.jpeg"
"038797B42ED06AC8F2DB4A5A2A50E5F96895D40CFB13CE3A08235036A19BF066","C:\Users\Sharafath\Downloads\lumin paint pro\public\images\EXT10.jpeg"
"198DC662E3C4D650202C3F5270A7C5FAE12BC1255B70A103096127912AFA536C","C:\Users\Sharafath\Downloads\lumin paint pro\public\images\EXT11.jpeg"
"BC713F67B5B2B466A0644A23691DE3710C5EB3EED8D4153A924EE092F8E98032","C:\Users\Sharafath\Downloads\lumin paint pro\public\images\EXT12.jpeg"
"5AF32D7D2F6E0E58709803EF212BE8E2508FD7677D89962A3A2357B16CAFE9DE","C:\Users\Sharafath\Downloads\lumin paint pro\public\images\EXT13.jpeg"
"D0DC99D0662350325D04BD5F19F05EEF0BC7100A3886DA102EBBB53FD7225CFD","C:\Users\Sharafath\Downloads\lumin paint pro\public\images\EXT14.jpeg"
"B9688EE56C8909F6EF3B02C23F7B230499CBD4E77F7BCDFB3F27C9852A35535F","C:\Users\Sharafath\Downloads\lumin paint pro\public\images\EXT15.jpeg"
"94DE49E73217650C2628F5FDACDF51F1878308D92CF214E6C0213C2CC507A985","C:\Users\Sharafath\Downloads\lumin paint pro\public\images\EXT16.jpeg"
"AF4FC95FE683337C7643CCA572B55D91668243F9297CD6864EDE091CA061F07B","C:\Users\Sharafath\Downloads\lumin paint pro\public\images\EXT18.jpeg"
"D7165F1E18D85016F0A3E69C2CA4E5134FE3839C5E95318C24EE2F72FAFB6FE4","C:\Users\Sharafath\Downloads\lumin paint pro\public\images\EXT7.jpeg"
"E56C3B49FD9F1E7EE7407784D491508785FA5693C9460916076F2993589E9B6F","C:\Users\Sharafath\Downloads\lumin paint pro\public\images\EXT8.jpeg"
"21C0ACD68FFE9D1BAF29AC723FF686674FA17A77F2E60797B671B0506F444483","C:\Users\Sharafath\Downloads\lumin paint pro\public\images\EXT9.jpeg"
"4ABE345303B0B274DE2955E961C914D93CD410EA9045C42AFBDD38C08BF820D4","C:\Users\Sharafath\Downloads\lumin paint pro\public\images\INT10.jpeg"
"8BCFB43093F8798E4C9EE80232C42B7E6BB7A179D66E6673820C5C23E3C53A53","C:\Users\Sharafath\Downloads\lumin paint pro\public\images\INT11.jpeg"
"1E2962A1076A173610BBED7D178444A9BAC3F81D013C9B9BC03CE16B26BB352A","C:\Users\Sharafath\Downloads\lumin paint pro\public\images\INT14.jpeg"
"3B74612D48E605F19C923CD13EC5FF3BB841958FAE63912A000EBB6932F686DD","C:\Users\Sharafath\Downloads\lumin paint pro\public\images\INT16.jpeg"
"24D8CC9A3C21739066B13A83DC05EB1FC036CC7B8A733D1BBC3761ABFF309F15","C:\Users\Sharafath\Downloads\lumin paint pro\public\images\INT18.jpeg"
"9290930CD3776FA0BC950C069CD8E4F6BFCA2A37DBF7E03B97ABA51A7D786ECE","C:\Users\Sharafath\Downloads\lumin paint pro\public\images\INT19.jpeg"
"66C4D7516EAF54CFADD62C696346B813441CAA1D3938834451BEFFE15ECA6037","C:\Users\Sharafath\Downloads\lumin paint pro\public\images\INT20.jpeg"
"6DB2E8236595FACD6360F15CDD39F71852BFBB1720EFF94BC8FF6666DBA6FB68","C:\Users\Sharafath\Downloads\lumin paint pro\public\images\INT22.jpeg"
"23AEDA19620932DB25ECE57F582F7C93FC45A56E9A2C9E710598F54945457433","C:\Users\Sharafath\Downloads\lumin paint pro\public\images\INT23.jpeg"
"279091EA60588F4DAD02BE3E35C0B2ED29F713717F1D3521AD083B08F2724F81","C:\Users\Sharafath\Downloads\lumin paint pro\public\images\INT25.jpeg"
"65F084E46BFA5C35DC169BC87D5A1C13A10E5444778B394C4408610DFE1D580E","C:\Users\Sharafath\Downloads\lumin paint pro\public\images\INT26.jpeg"
"43EB716B8491D1A539C7A69E6209504FEFB418C22DE677C3E9C57D5615428D2F","C:\Users\Sharafath\Downloads\lumin paint pro\public\images\INT27.jpeg"
"FF4B1E1BEE816E05CE701DCA25F4BFDE92CE53AB37F34BB19A149ADFC9ADD294","C:\Users\Sharafath\Downloads\lumin paint pro\public\images\INT28.jpeg"
"E6E0A8185D1749327D3EA1399B1E535BCE3277DC6398E317D7DEA815ABD1293A","C:\Users\Sharafath\Downloads\lumin paint pro\public\images\INT29.jpeg"
"3141D85C2C42D038013D53FD411032C5FBB7C7466409A0A13CF6CD4FC539B3C7","C:\Users\Sharafath\Downloads\lumin paint pro\public\images\INT30.jpeg"
"8F4ACBEBE4EC0D6184F21B7F97A452982976F82505BD99D5EE54D8C0CFA4FB66","C:\Users\Sharafath\Downloads\lumin paint pro\public\images\INT32.jpeg"
"E6435AF4DA77724D2FD43BC4C81E5138D7BD1AB18708B391E43236BAEE9B73B7","C:\Users\Sharafath\Downloads\lumin paint pro\public\images\INT33.jpeg"
"1167EE3C8ADDFE8040694E8909BE9054AA24FD7499CC308ABF9E3DF1AD3FD6FA","C:\Users\Sharafath\Downloads\lumin paint pro\public\images\INT34.jpeg"
"69AF66CB44571375A2BF6630906F82592033840D6C9E0F2B34BFF90A9CF1C381","C:\Users\Sharafath\Downloads\lumin paint pro\public\images\INT36.jpeg"
"BC8CF0F4C367B5EF353D8B8CBF2DC40B284A4DAF1AB18350128A1B70E295B1AA","C:\Users\Sharafath\Downloads\lumin paint pro\public\images\INT37.jpeg"
"A4EF4EF7D3C2948724EE7E30690042AF30B7A6525B48BEFA8574EB8FC2BB5A3F","C:\Users\Sharafath\Downloads\lumin paint pro\public\images\INT38.jpeg"
"4DD544B942C602F8EE8807E3655C78721142EFFAB78DFC2DDC368D0A31150FDA","C:\Users\Sharafath\Downloads\lumin paint pro\public\images\INT39.jpeg"
"2F3A962D08AE44C4788D1DE4DD17D5BE8C080C024DA9D12ADFC1F595BBEE670C","C:\Users\Sharafath\Downloads\lumin paint pro\public\images\INT40.jpeg"
"1CC65746ABB3AAAC68E3DFE4B39052B706769BB515F089CA135D4A48F191B6C2","C:\Users\Sharafath\Downloads\lumin paint pro\public\images\INT41.jpeg"
"E0120D0F85BEF82B9E6D71D9E62D4D8B13358EEE53A6C15053C8A5B8D340173A","C:\Users\Sharafath\Downloads\lumin paint pro\public\images\INT44.jpeg"
"C026CC227EF3B362A331030E4163939101ED5831594C847D464EDEC45909CB65","C:\Users\Sharafath\Downloads\lumin paint pro\public\images\INT46.jpeg"
"D95AB5FA8D968EE7071FD89071A649B6517E4B372EEA6C0DAC5AEEB10A933938","C:\Users\Sharafath\Downloads\lumin paint pro\public\images\INT47.jpeg"
"A0C215754177243BD65B59E0AB75BA77CE068F1EE5EE5B4E2231DD6A299C93CE","C:\Users\Sharafath\Downloads\lumin paint pro\public\images\INT48.jpeg"
"144AF130185DD442FF6C5A579C7EB76F87213B65DDC7B228F47F4B3BF871FA43","C:\Users\Sharafath\Downloads\lumin paint pro\public\images\INT49.jpeg"
"63DBD52EA9C6282AEDA1FB5556FE8AF757A166B34F20A646987248E6FE3859AA","C:\Users\Sharafath\Downloads\lumin paint pro\public\images\INT50.jpeg"
"B2458D0ED5C399741AFF9F6170AD2EC4AE684182E146CBD47F711C1323BFDB3D","C:\Users\Sharafath\Downloads\lumin paint pro\public\images\INT51.jpeg"
"EC2BCC3555716C0F1B10D8A4EB6BD2AD32A5FAACECCFC86805810D75CF917E05","C:\Users\Sharafath\Downloads\lumin paint pro\public\images\INT52.jpeg"
"01E5CD687211B4AE9850DA5A83024E84173D60CAE0F0D34918A7DD242E8A2730","C:\Users\Sharafath\Downloads\lumin paint pro\public\images\INT53.jpeg"
"DC2D4743C49FEAAD6CD7EA98E528ABE31F82E7E35272CE73117B3741254C382F","C:\Users\Sharafath\Downloads\lumin paint pro\public\images\INT54.jpeg"
"9F65C508830639B100D35FB2039236D3842BFCC77D99CD8C1872AA7A015DCB72","C:\Users\Sharafath\Downloads\lumin paint pro\public\images\INT55.jpeg"
"09FD5C21E928774F74E436547984F34E4F553A1296D87E27BB7989BBAD36593A","C:\Users\Sharafath\Downloads\lumin paint pro\public\images\INT58.jpeg"
"68BDDE6EB25F1682D6DB2ECC12552D1BAC837C6975393EB37AB18E8E08EA31BC","C:\Users\Sharafath\Downloads\lumin paint pro\public\images\INT59.jpeg"
"B5ED758D5FFBD5BD6A583A3E030C706E8AB5DD50E08168C3C5E4FDDC3F5E387E","C:\Users\Sharafath\Downloads\lumin paint pro\public\images\INT60.jpeg"
"3C2A763517B8D6873B08D3014FDA821FF3D18D1D4C1E87BDE7B3B6B72A0F3D38","C:\Users\Sharafath\Downloads\lumin paint pro\public\images\INT62.jpeg"
"708DCCE3578BEE3287B2EABEF6F2967DBBE40A3543E1C0A8382A5C6E54B5D1E7","C:\Users\Sharafath\Downloads\lumin paint pro\public\images\INT63.jpeg"
"10B115F6400D063E3EF01B437F68AA5D19A0AC6380E3CD3C60F8EC9E587219F7","C:\Users\Sharafath\Downloads\lumin paint pro\public\images\INT64.jpeg"
"062AEC039D9F52B5B494A4F60AA519F0BA5E6AC87A1348CFF31404F543744EE3","C:\Users\Sharafath\Downloads\lumin paint pro\public\images\INT65.jpeg"
"E1DD650D3BE5B76F6D69E35EC2CC85C8C198DE078904A6E0A2767DD5345D066C","C:\Users\Sharafath\Downloads\lumin paint pro\public\images\INT67.jpeg"
"ED1C3F0BD9752D5D1E04027854E81008C7269CECA63D26A31490D399316FCFE6","C:\Users\Sharafath\Downloads\lumin paint pro\public\images\INT68.jpeg"
"32E7917BA633DC050C163097FA506085BAEC1EAF151B6A385B0B993D281D6768","C:\Users\Sharafath\Downloads\lumin paint pro\public\images\INT69.jpeg"
"BECEA636527AC9186E735A211FE4955B605EB7F0196FB6634BF364404B132AC5","C:\Users\Sharafath\Downloads\lumin paint pro\public\images\INT70.jpeg"
"46BF79E9BEDBE66F55EA6883E2E7EE5A1957A9CBECAAD823802DA584CEA89FFD","C:\Users\Sharafath\Downloads\lumin paint pro\public\images\INT71.jpeg"
"C7CBEFC98B43D29BD60D41F040BACFCDBB32321E5B22B7424C3CCBA8484DE771","C:\Users\Sharafath\Downloads\lumin paint pro\public\images\INT72.jpeg"
"ACE81594144FFCE56CE590B3132B8914DA612198344BA03C29B981A1F7613ECF","C:\Users\Sharafath\Downloads\lumin paint pro\public\images\INT73.jpeg"
"3191C58FB3E9867B2F0EC5CA07ADDFDCB4D758C5A3B42D97FD5D6111B5F40206","C:\Users\Sharafath\Downloads\lumin paint pro\public\images\INT74.jpeg"
"478F66B6BB93CB911E7A54673071DDF3D7AE965E435B0288C1672AFFEE7474D5","C:\Users\Sharafath\Downloads\lumin paint pro\public\images\INT75.jpeg"
"DD041D540E1129BF321AA8053AD7C09C6A66274B472CFE7C93A83417BE4222AC","C:\Users\Sharafath\Downloads\lumin paint pro\public\images\INT76.jpeg"
"FD51680E691B3D15DEF79BB4F4F56909481C04BA9D0296EB3627940B7B56D320","C:\Users\Sharafath\Downloads\lumin paint pro\public\images\INT77.jpeg"
"E3DCF4D44F8B44F24BCB252D991A6911B1E80D07021C1ACC8BECB10E696069B5","C:\Users\Sharafath\Downloads\lumin paint pro\public\images\INT78.jpeg"
"FF4E817568BE13D1FFC0682EB0AB415D141B3304470302833F3718E779094747","C:\Users\Sharafath\Downloads\lumin paint pro\public\images\INT79.jpeg"
"7D1B10879B72E9BF3727745337C67EE693E8C2513D7CC75ABB823410128B376D","C:\Users\Sharafath\Downloads\lumin paint pro\public\images\INT80.jpeg"
"D2E7F732D2496789D2B4E45944A75554DCFDA86EA39150F9E1228198F1893758","C:\Users\Sharafath\Downloads\lumin paint pro\public\images\INT81.jpeg"
"E6D90418245133565261FDD38731567DB989FCC73E22C8B855C8BCA067812773","C:\Users\Sharafath\Downloads\lumin paint pro\public\images\INT82.jpeg"
"7F8BA72EAB8905392A99FBB3974C4338272763DFD2227479A0C92675E6A25DFA","C:\Users\Sharafath\Downloads\lumin paint pro\public\images\INT83.jpeg"
"561EA0232AF7C1C447F2FC70F7261086826BEF6AFFA75013A60932D99B7D604E","C:\Users\Sharafath\Downloads\lumin paint pro\public\images\INT84.jpeg"
"84C8475F0125898FF658DA63F2037ADBD93F5E469E9F9BD2056F7472617AAEB1","C:\Users\Sharafath\Downloads\lumin paint pro\public\images\INT85.jpeg"
"8614AB10A95281A6EC04DF643443A822576EBF46511C08F90D7ADFD05DCDD790","C:\Users\Sharafath\Downloads\lumin paint pro\public\images\INT86.jpeg"
"EDEB495ECDDB2EA9747907A1F16B466247B5C9B341BE48706087BD9464F5743F","C:\Users\Sharafath\Downloads\lumin paint pro\public\images\INT87.jpeg"
"20F6045A580F6AD073025236F07E769FAED537922F107420AA360E432981F25D","C:\Users\Sharafath\Downloads\lumin paint pro\public\images\INT88.jpeg"
"7BE7B46FCADB67A0A75AC5C45943E5C0AF81C862C6238B5F191D89BC8BE17A2A","C:\Users\Sharafath\Downloads\lumin paint pro\public\images\INT89.jpeg"
"052669AF924E83BAC92B17F27ED30111CDE66FB76B49D402FF187E5BA3121246","C:\Users\Sharafath\Downloads\lumin paint pro\public\images\INT90.jpeg"
"BDB29DD91BB25E403DF3CF3B6BBF7D80682ACB04AFA46423C00C06343C0EFE16","C:\Users\Sharafath\Downloads\lumin paint pro\public\images\INT91.jpeg"
"CEADA315A5D1FDEF37DC0CF40905CBBB35FB89B007B3A8550A3FA259729F8541","C:\Users\Sharafath\Downloads\lumin paint pro\public\images\INT92.jpeg"
"54F672685136150A559CB3C913A8323E79A37596ADC2C6D44244DB762134C959","C:\Users\Sharafath\Downloads\lumin paint pro\public\images\INT93.jpeg"
"F1C5B4182995EB55282E574C62BEFEB1419A6EF68CBEC24F4618CC2C2A82FA86","C:\Users\Sharafath\Downloads\lumin paint pro\public\images\INT94.jpeg"
"EC637D0175E193A1EAE690762E2BB4CDF74E82DD5A2750830470C67750967C3A","C:\Users\Sharafath\Downloads\lumin paint pro\public\images\INT95.jpeg"
"01913514B341D30EFB13B823E44120AD595AA877C79974A561364E188F33203A","C:\Users\Sharafath\Downloads\lumin paint pro\public\images\INT96.jpeg"
"0A7AD1283033604F047BC1EB1CC37EA7DEC5533044D8ADEADA894105A5177B76","C:\Users\Sharafath\Downloads\lumin paint pro\public\images\INT97.jpeg"
